binary,OS,OS_sig,SNR,abs_SNR,h_0,residual_amplitude_us,frequency_nHz,chirp_mass_Msun,distance_Mpc,ra_deg,dec_deg,mean_rho,std_rho,pos_corr,neg_corr,success,index,rank,final_rank
"{'Mc': np.float64(6.6305970626022375e+40), 'f': np.float64(1.2863320842486182e-09), 'D': np.float64(1800.956265704808), 'ra': np.float64(0.11676419770894084), 'dec': np.float64(0.6892061394902494), 'psi': np.float64(0.0450759427907726), 'iota': np.float64(2.5883627781833556), 'phi0': np.float64(0.09387345966945318)}",8.484420755482968e-31,2.030042991333587e-30,0.41794291016020974,0.41794291016020974,1.3484227041634962e-14,1.668372742722338,1.2863320842486181,33345220509.246998,1800.956265704808,6.690095726953427,39.48860300729599,8.470728149535125e-31,9.238333010707503e-30,1098,1113,True,358,1,1
"{'Mc': np.float64(6.775542170327112e+40), 'f': np.float64(2.5884903861551288e-09), 'D': np.float64(9199.388945274803), 'ra': np.float64(1.4362586353625129), 'dec': np.float64(-0.32552073380156954), 'psi': np.float64(2.9450199782736233), 'iota': np.float64(1.650664411874125), 'phi0': np.float64(1.2565378865204173)}",6.1950026920948205e-31,2.030042991333587e-30,0.3051660836022574,0.3051660836022574,4.3619923974333614e-15,0.26819981850965285,2.588490386155129,34074148316.68123,9199.388945274803,82.29155809549104,-18.65096419083149,-2.4581090922409473e-32,1.2188428102736574e-30,1070,1141,True,999,12,2
"{'Mc': np.float64(7.112650811439388e+40), 'f': np.float64(4.0975560607603695e-09), 'D': np.float64(4519.248287359869), 'ra': np.float64(3.5983865165010807), 'dec': np.float64(1.0338784906436054), 'psi': np.float64(0.4574595092587569), 'iota': np.float64(2.9122877251980244), 'phi0': np.float64(5.168616281342971)}",4.222688493863122e-31,2.030042991333587e-30,0.20800980628933038,0.20800980628933038,1.3077025599493274e-14,0.5079303941755945,4.097556060760369,35769465023.054855,4519.248287359869,206.17236045229427,59.23687404323436,-4.0213623747800205e-32,5.090188252544692e-30,1089,1122,True,363,2,3
"{'Mc': np.float64(5.525513182246153e+40), 'f': np.float64(1.8478661952048962e-09), 'D': np.float64(6407.730407735277), 'ra': np.float64(3.00145134187727), 'dec': np.float64(0.28468671508523186), 'psi': np.float64(0.2332609659821892), 'iota': np.float64(2.2920193432758955), 'phi0': np.float64(0.15855234010353486)}",2.4947141017139485e-31,2.030042991333587e-30,0.12288971772342157,0.12288971772342157,3.560709756779357e-15,0.3066805162503324,1.8478661952048963,27787762361.243336,6407.730407735277,171.97049430344512,16.31134725782713,-1.076307890747955e-32,8.478487538859226e-31,1112,1099,True,1565,16,4
"{'Mc': np.float64(8.314594936820681e+40), 'f': np.float64(1.6496348108138557e-09), 'D': np.float64(5692.17163677445), 'ra': np.float64(2.4966281495953857), 'dec': np.float64(0.8908150211388983), 'psi': np.float64(2.7969370345158784), 'iota': np.float64(0.6995671197755347), 'phi0': np.float64(2.048422598378913)}",-2.4707891612934432e-31,2.030042991333587e-30,-0.12171117418899187,0.12171117418899187,7.343252733351942e-15,0.7084689067087775,1.6496348108138557,41814032581.93828,5692.17163677445,143.04625598537194,51.03994103811608,2.4403540658251492e-32,3.690211742944094e-30,1145,1066,True,423,4,5
"{'Mc': np.float64(4.409099138131704e+40), 'f': np.float64(2.5921630641924845e-09), 'D': np.float64(3147.4204037068093), 'ra': np.float64(6.141531764236692), 'dec': np.float64(-0.2827192933032292), 'psi': np.float64(2.523752760033629), 'iota': np.float64(0.3905016762310895), 'phi0': np.float64(5.9492808743979735)}",-1.3749096667408951e-31,2.030042991333587e-30,-0.0677281058879291,0.0677281058879291,6.236046183193379e-15,0.38288392775697466,2.5921630641924844,22173324908.757507,3147.4204037068093,351.88384983629703,-16.198622293196273,-1.4622477446823353e-32,8.942366240589409e-31,1125,1086,True,35,7,6
"{'Mc': np.float64(5.318396932540093e+40), 'f': np.float64(2.709042533569254e-09), 'D': np.float64(6819.9372593258495), 'ra': np.float64(1.0279771175251984), 'dec': np.float64(0.19948515171960382), 'psi': np.float64(0.28706897154991506), 'iota': np.float64(2.5764219028708184), 'phi0': np.float64(4.318757595626341)}",1.2403184287757701e-31,2.030042991333587e-30,0.06109813605282188,0.06109813605282188,4.051080208594227e-15,0.2379990096390398,2.709042533569254,26746176369.470463,6819.9372593258495,58.89875027021768,11.429657269060195,-1.6200839163578455e-32,7.240969535371744e-31,1118,1093,True,443,14,7
"{'Mc': np.float64(8.437185882928178e+40), 'f': np.float64(1.5326686824802547e-09), 'D': np.float64(13844.103156030207), 'ra': np.float64(3.3965351526305017), 'dec': np.float64(-0.675516063150107), 'psi': np.float64(0.4711054958640677), 'iota': np.float64(1.1437536106553547), 'phi0': np.float64(1.254675951992422)}",1.1109715672657711e-31,2.030042991333587e-30,0.054726504414369354,0.054726504414369354,2.9457970154683597e-15,0.3058966113918635,1.5326686824802547,42430541486.30946,13844.103156030207,194.60712921355065,-38.70421941179393,-4.239128422901339e-34,2.828170303934544e-31,1098,1113,True,511,18,8
"{'Mc': np.float64(3.745388762447694e+40), 'f': np.float64(2.1893987661955416e-09), 'D': np.float64(1989.297253415225), 'ra': np.float64(3.6992558772844553), 'dec': np.float64(0.7820446418270962), 'psi': np.float64(1.6795842706131567), 'iota': np.float64(1.8876139534593563), 'phi0': np.float64(4.802422926768349)}",-9.605715708154453e-32,2.030042991333587e-30,-0.04731779449579151,0.04731779449579151,6.71714146660335e-15,0.4882921669473459,2.1893987661955414,18835530646.41505,1989.297253415225,211.95174910736407,44.80785736751274,-3.694834892587335e-32,1.8721819675312504e-30,1129,1082,True,637,5,9
"{'Mc': np.float64(4.2271252825690493e+40), 'f': np.float64(1.463033996409411e-09), 'D': np.float64(5737.618400265675), 'ra': np.float64(3.024262031992657), 'dec': np.float64(-0.8036266865675508), 'psi': np.float64(2.6377453012906527), 'iota': np.float64(2.3290309314198825), 'phi0': np.float64(4.713378841306438)}",7.63342552648107e-32,2.030042991333587e-30,0.037602285070162375,0.037602285070162375,2.1778062703028627e-15,0.23691085365471645,1.463033996409411,21258179819.504692,5737.618400265675,173.27745057483762,-46.0444174444033,1.4193040867428238e-32,3.4965510544139714e-31,1112,1099,True,1815,27,10
"{'Mc': np.float64(4.2687569131069006e+40), 'f': np.float64(1.38324816710014e-09), 'D': np.float64(3276.5661425523454), 'ra': np.float64(2.9715283447403906), 'dec': np.float64(0.15542543576109014), 'psi': np.float64(0.7883095509969034), 'iota': np.float64(0.8804539577591367), 'phi0': np.float64(0.8083148324159911)}",7.285212595111681e-32,2.030042991333587e-30,0.035886986759456944,0.035886986759456944,3.73413140606616e-15,0.42964486457699685,1.38324816710014,21467544962.24183,3276.5661425523454,170.2560328571199,8.90522149809216,5.6080251393993226e-33,8.010136325740953e-31,1120,1091,True,38,15,11
"{'Mc': np.float64(6.576233207880448e+40), 'f': np.float64(1.4897922558641594e-09), 'D': np.float64(10127.643584450394), 'ra': np.float64(3.0666124850562237), 'dec': np.float64(-0.029938401294193354), 'psi': np.float64(0.4807547320623174), 'iota': np.float64(0.018058922514167425), 'phi0': np.float64(2.5598452975471075)}",-6.337051715072001e-32,2.030042991333587e-30,-0.031216342422920956,0.031216342422920956,2.6084158806634796e-15,0.27865783260243043,1.4897922558641594,33071825111.168125,10127.643584450394,175.70395279584685,-1.715344039526281,8.788579839458142e-33,2.611919866612499e-31,1093,1118,True,642,20,12
"{'Mc': np.float64(6.751033028543327e+40), 'f': np.float64(1.1960495484129697e-09), 'D': np.float64(4004.818381851268), 'ra': np.float64(5.5358080367517255), 'dec': np.float64(-1.083287527025878), 'psi': np.float64(2.0747045775003317), 'iota': np.float64(1.7942949842369182), 'phi0': np.float64(6.033197436381389)}",6.161470932020372e-32,2.030042991333587e-30,0.030351430774245545,0.030351430774245545,5.952596388497364e-15,0.7920952277582469,1.1960495484129696,33950892035.300137,4004.818381851268,317.17843670047597,-62.06780329774691,2.7759479129078227e-32,6.932881874205919e-31,1112,1099,True,1678,8,13
"{'Mc': np.float64(4.771718581662186e+40), 'f': np.float64(1.8384374813342447e-09), 'D': np.float64(3951.4008174541036), 'ra': np.float64(0.5656949728185291), 'dec': np.float64(0.3378262278131335), 'psi': np.float64(2.1913742709151487), 'iota': np.float64(3.126189730122181), 'phi0': np.float64(3.6802692035001354)}",-5.505974842736385e-32,2.030042991333587e-30,-0.0271224543826994,0.0271224543826994,4.5065648281134805e-15,0.3901367743208761,1.8384374813342446,23996935239.969353,3951.4008174541036,32.41193443426954,19.356017062517616,1.8029661211356164e-32,1.3231609654420597e-30,1100,1111,True,1412,11,14
"{'Mc': np.float64(6.090751610313297e+40), 'f': np.float64(1.8079444275671015e-09), 'D': np.float64(8494.576410925407), 'ra': np.float64(4.104393328973315), 'dec': np.float64(-0.7918193322565138), 'psi': np.float64(0.9814815319503518), 'iota': np.float64(1.372972500166983), 'phi0': np.float64(6.052843981139744)}",5.040200526567858e-32,2.030042991333587e-30,0.024828048214175117,0.024828048214175117,3.113669877921439e-15,0.274099106516449,1.8079444275671015,30630341973.04107,8494.576410925407,235.16441521182102,-45.367905875165285,1.417819246162885e-32,6.301258855402069e-31,1095,1116,True,1338,17,15
"{'Mc': np.float64(5.83589262458426e+40), 'f': np.float64(1.4538659717299369e-09), 'D': np.float64(13125.024762812116), 'ra': np.float64(1.8690571829146188), 'dec': np.float64(-0.21819048290482065), 'psi': np.float64(2.3030055880729843), 'iota': np.float64(2.6582967697869653), 'phi0': np.float64(3.697265659910011)}",-4.61087954882009e-32,2.030042991333587e-30,-0.022713211338401686,0.022713211338401686,1.6228100833980085e-15,0.17764928232335056,1.453865971729937,29348658137.081577,13125.024762812116,107.08908824961877,-12.501393800367563,3.341882712804084e-33,2.171698459195542e-31,1089,1122,True,1772,45,16
"{'Mc': np.float64(5.240254490977912e+40), 'f': np.float64(1.6261405627392334e-09), 'D': np.float64(8439.091357844196), 'ra': np.float64(4.559425120262082), 'dec': np.float64(1.3592624717522825), 'psi': np.float64(0.11745469533326446), 'iota': np.float64(2.75085205570855), 'phi0': np.float64(2.3331629193794656)}",4.3184639383074687e-32,2.030042991333587e-30,0.02127277085629876,0.02127277085629876,2.2728446809442563e-15,0.22244969109131532,1.6261405627392334,26353198645.078434,8439.091357844196,261.2358163969451,77.88000288192607,9.276268085232842e-33,2.396187450587566e-31,1144,1067,True,466,26,17
"{'Mc': np.float64(6.872601923522523e+40), 'f': np.float64(1.6546504105465724e-09), 'D': np.float64(12812.539158520207), 'ra': np.float64(2.161390702889007), 'dec': np.float64(-0.047187968712897155), 'psi': np.float64(2.4519428036386413), 'iota': np.float64(1.5329232056401656), 'phi0': np.float64(4.499759404303973)}",4.104589940850214e-32,2.030042991333587e-30,0.02021922667831682,0.02021922667831682,2.3798177758123785e-15,0.22890621503147981,1.6546504105465725,34562261052.58074,12812.539158520207,123.83856515435457,-2.7036714510443822,7.505903882637822e-33,4.33013510114692e-31,1121,1090,True,1584,24,18
"{'Mc': np.float64(4.265414941833647e+40), 'f': np.float64(1.7768986124271234e-09), 'D': np.float64(6805.876027909574), 'ra': np.float64(0.06469406527848873), 'dec': np.float64(0.22716588970808857), 'psi': np.float64(0.9937833081742399), 'iota': np.float64(1.704221473529651), 'phi0': np.float64(1.8155001100669812)}",-3.9372451001488824e-32,2.030042991333587e-30,-0.01939488531502678,0.01939488531502678,2.1216120244442927e-15,0.19003056148053638,1.7768986124271233,21450738214.97758,6805.876027909574,3.7066969000012446,13.01564672960782,7.807335447172985e-33,2.1159423953374233e-31,1089,1122,True,837,30,19
"{'Mc': np.float64(4.817898634715461e+40), 'f': np.float64(2.7849027006952736e-09), 'D': np.float64(3768.9011333589783), 'ra': np.float64(6.260489899439482), 'dec': np.float64(-0.19388825508752883), 'psi': np.float64(1.147868544013545), 'iota': np.float64(1.193608444179226), 'phi0': np.float64(0.12269441728557481)}",-3.54400917356179e-32,2.030042991333587e-30,-0.01745780354746891,0.01745780354746891,6.332776048916448e-15,0.36191304329138196,2.7849027006952736,24229174363.78452,3768.9011333589783,358.6996489221635,-11.108978713671313,3.3050713084671155e-33,1.06712106514782e-30,1111,1100,True,797,6,20
"{'Mc': np.float64(6.163570476847631e+40), 'f': np.float64(1.7273285974515895e-09), 'D': np.float64(5444.070076254308), 'ra': np.float64(3.94008388943538), 'dec': np.float64(0.5296703894514906), 'psi': np.float64(1.0171935643154877), 'iota': np.float64(0.0272176296277979), 'phi0': np.float64(4.573783175550628)}",-3.2533225836916104e-32,2.030042991333587e-30,-0.01602588022805576,0.01602588022805576,4.80713485677194e-15,0.4429263057957603,1.7273285974515895,30996547480.463024,5444.070076254308,225.75017779213735,30.34787784862105,5.8732962507222714e-33,4.479199997730152e-31,1126,1085,True,1599,10,21
"{'Mc': np.float64(5.392708246524952e+40), 'f': np.float64(1.5802137236174514e-09), 'D': np.float64(3539.7378762904686), 'ra': np.float64(3.9874789868448977), 'dec': np.float64(0.4462111510544827), 'psi': np.float64(3.0675728777741105), 'iota': np.float64(1.4331111649536599), 'phi0': np.float64(3.0208711488429207)}",-3.116442438323648e-32,2.030042991333587e-30,-0.015351608077405186,0.015351608077405186,5.5764406551276434e-15,0.5616443407986931,1.5802137236174514,27119887383.390003,3539.7378762904686,228.46571684331414,25.566015727096314,8.766690743001255e-33,8.54161270000708e-31,1132,1079,True,630,9,22
"{'Mc': np.float64(5.679451911462065e+40), 'f': np.float64(2.430758092537402e-09), 'D': np.float64(11396.528417000995), 'ra': np.float64(5.9990254942006285), 'dec': np.float64(-0.5523436505188822), 'psi': np.float64(2.076513269194032), 'iota': np.float64(1.8723174325211371), 'phi0': np.float64(3.9755810883410057)}",-2.6640303118533064e-32,2.030042991333587e-30,-0.013123024109470888,0.013123024109470888,2.516162701491686e-15,0.16474684700024178,2.430758092537402,28561919020.4633,11396.528417000995,343.7188420090789,-31.646960015580873,-2.2661130872562985e-34,2.2841265286059223e-31,1099,1112,True,14,23,23
"{'Mc': np.float64(6.12032029180112e+40), 'f': np.float64(1.3458833004435821e-09), 'D': np.float64(11022.267632783445), 'ra': np.float64(1.0019493060222253), 'dec': np.float64(0.7017902119923267), 'psi': np.float64(1.0842727994892418), 'iota': np.float64(1.1335498175336152), 'phi0': np.float64(2.4570160113486654)}",2.422056819995204e-32,2.030042991333587e-30,0.011931061708225662,0.011931061708225662,1.986996010631233e-15,0.2349685421400274,1.3458833004435822,30779042639.824184,11022.267632783445,57.40746652113527,40.209617250751656,1.2464835265969095e-33,2.2166870368032935e-31,1105,1106,True,597,33,24
"{'Mc': np.float64(6.707277686107604e+40), 'f': np.float64(1.1997961176463562e-09), 'D': np.float64(11182.771077476858), 'ra': np.float64(5.493359336804055), 'dec': np.float64(0.5958495154446066), 'psi': np.float64(2.653174004404798), 'iota': np.float64(2.9417851934059955), 'phi0': np.float64(3.766290543767885)}",2.3991795863180024e-32,2.030042991333587e-30,0.011818368362444974,0.011818368362444974,2.1131910940368763e-15,0.2803183002237985,1.1997961176463563,33730846762.12165,11182.771077476858,314.74630534765726,34.13966245989112,2.6713306449633442e-33,2.1511795260508182e-31,1085,1126,True,1171,31,25
"{'Mc': np.float64(3.6007484108615443e+40), 'f': np.float64(1.885706425690099e-09), 'D': np.float64(6051.055726130069), 'ra': np.float64(3.1287048413031773), 'dec': np.float64(-1.2885062682860797), 'psi': np.float64(3.0664316167708905), 'iota': np.float64(2.9562879615766975), 'phi0': np.float64(2.753883382174544)}",2.3777056997329942e-32,2.030042991333587e-30,0.011712587910126073,0.011712587910126073,1.872027787776683e-15,0.15800045647137714,1.8857064256900993,18108135455.20699,6051.055726130069,179.26158274882008,-73.82597104894373,8.95964339673342e-33,1.9784551935698116e-31,1110,1101,True,1110,38,26
"{'Mc': np.float64(5.284918847842501e+40), 'f': np.float64(1.5676234237449394e-09), 'D': np.float64(11872.178262474728), 'ra': np.float64(1.119832543860913), 'dec': np.float64(0.3991730377041691), 'psi': np.float64(2.869818838608533), 'iota': np.float64(1.7468560714396875), 'phi0': np.float64(4.713438995532625)}",-2.1493226664286502e-32,2.030042991333587e-30,-0.010587572162778214,0.010587572162778214,1.5990696677487756e-15,0.16234756263245326,1.5676234237449393,26577815344.674557,11872.178262474728,64.16167852462895,22.870930355865372,-7.828841099711641e-34,1.416974095652268e-31,1130,1081,True,713,46,27
"{'Mc': np.float64(3.6750509842722323e+40), 'f': np.float64(2.285630974343017e-09), 'D': np.float64(5133.652387952378), 'ra': np.float64(5.160195735317944), 'dec': np.float64(-0.9639683116908359), 'psi': np.float64(1.6475230722398972), 'iota': np.float64(1.819716647131497), 'phi0': np.float64(0.8564110175276964)}",2.043362652494204e-32,2.030042991333587e-30,0.01006561270484162,0.01006561270484162,2.595310504319885e-15,0.18071880380408245,2.285630974343017,18481802512.84773,5133.652387952378,295.65743709512464,-55.23131584423635,9.20526350794231e-33,3.0608172680091266e-31,1099,1112,True,1700,21,28
"{'Mc': np.float64(5.373153976090472e+40), 'f': np.float64(1.1202742167536615e-09), 'D': np.float64(10088.335290390893), 'ra': np.float64(2.6981023953007037), 'dec': np.float64(1.0353289138115045), 'psi': np.float64(1.0351680639530116), 'iota': np.float64(2.113945633376183), 'phi0': np.float64(0.8237715081455704)}",2.0251701251356743e-32,2.030042991333587e-30,0.009975996241366733,0.009975996241366733,1.5462686694930042e-15,0.2196750567116321,1.1202742167536615,27021549111.077724,10088.335290390893,154.58987994486841,59.31997716926297,9.448483797436545e-34,1.3256986567628896e-31,1132,1079,True,460,49,29
"{'Mc': np.float64(7.063970058431456e+40), 'f': np.float64(4.648211291153225e-09), 'D': np.float64(8338.033039370432), 'ra': np.float64(4.965582507387963), 'dec': np.float64(-0.12723107170669723), 'psi': np.float64(1.8972027689042872), 'iota': np.float64(0.7677748721354422), 'phi0': np.float64(4.3759328092565655)}",-1.8843942017700514e-32,2.030042991333587e-30,-0.009282533472515992,0.009282533472515992,7.621629014010003e-15,0.26096488649321903,4.648211291153225,35524649898.824,8338.033039370432,284.5069204973192,-7.289803431720091,4.635153049699428e-32,1.622347960082723e-30,1114,1097,True,164,3,30
"{'Mc': np.float64(4.698662947045069e+40), 'f': np.float64(1.4684706516267228e-09), 'D': np.float64(5077.255244462163), 'ra': np.float64(5.336798331115966), 'dec': np.float64(-0.7665975866725291), 'psi': np.float64(0.7361516358826332), 'iota': np.float64(0.09939677932832512), 'phi0': np.float64(4.49632772088746)}",-1.5069816896710945e-32,2.030042991333587e-30,-0.007423397908835023,0.007423397908835023,2.9426894455732587e-15,0.31893287804459536,1.4684706516267227,23629539027.72015,5077.255244462163,305.7760204854061,-43.92280630125024,-7.764563325140617e-33,4.055341075097863e-31,1122,1089,True,50,19,31
"{'Mc': np.float64(6.514930073101583e+40), 'f': np.float64(1.0665951240041237e-09), 'D': np.float64(11722.520713074071), 'ra': np.float64(0.2562474508300532), 'dec': np.float64(0.15488142847340833), 'psi': np.float64(0.23385424330736065), 'iota': np.float64(2.3945976975931402), 'phi0': np.float64(3.9451148215286236)}",1.3702831940431098e-32,2.030042991333587e-30,0.00675002056553953,0.00675002056553953,1.7755561527810052e-15,0.2649445249585005,1.0665951240041236,32763532128.227146,11722.520713074071,14.68189744354813,8.874052176483634,5.743290714860386e-33,1.2714549881646927e-31,1092,1119,True,1239,42,32
"{'Mc': np.float64(5.897889905597224e+40), 'f': np.float64(2.040847732755194e-09), 'D': np.float64(14888.277215311484), 'ra': np.float64(1.5125967496767598), 'dec': np.float64(-0.5841429914974621), 'psi': np.float64(2.673623293384698), 'iota': np.float64(1.5999321648010822), 'phi0': np.float64(4.815101728321177)}",-1.1112659355271919e-32,2.030042991333587e-30,-0.005474100500685323,0.005474100500685323,1.8254214576134715e-15,0.14235498491255938,2.0408477327551937,29660441975.97763,14888.277215311484,86.66540986168461,-33.46892804495091,2.257251970478949e-33,3.002494955046255e-31,1088,1123,True,394,40,33
"{'Mc': np.float64(5.322135611104197e+40), 'f': np.float64(2.184604288434719e-09), 'D': np.float64(15194.8873642374), 'ra': np.float64(3.149950996568874), 'dec': np.float64(-0.4498662689592215), 'psi': np.float64(1.0430574846131209), 'iota': np.float64(1.2113612965000442), 'phi0': np.float64(6.053942946357698)}",7.805640752557344e-33,2.030042991333587e-30,0.0038450617971541676,0.0038450617971541676,1.5771282954176557e-15,0.11489850378608536,2.184604288434719,26764978154.582153,15194.8873642374,180.47889777642413,-25.775438556660546,9.354166507615273e-34,8.508823473290161e-32,1132,1079,True,620,47,34
"{'Mc': np.float64(2.214941306208827e+40), 'f': np.float64(1.805803588290345e-09), 'D': np.float64(2477.749333668406), 'ra': np.float64(4.225704734103121), 'dec': np.float64(0.16761118325342952), 'psi': np.float64(0.3013787833852744), 'iota': np.float64(1.3472494389705254), 'phi0': np.float64(0.9703776931415329)}",-7.209465821835524e-33,2.030042991333587e-30,-0.0035513857847411607,0.0035513857847411607,1.9762085336880483e-15,0.17417362483735901,1.805803588290345,11138922418.78845,2477.749333668406,242.1150467325606,9.603413399615334,-1.3242203812165402e-33,1.1183382404699848e-31,1123,1088,True,214,35,35
"{'Mc': np.float64(6.428966737219606e+40), 'f': np.float64(1.5186575171660611e-09), 'D': np.float64(12280.247007273038), 'ra': np.float64(0.6313262760695553), 'dec': np.float64(0.3839915464759287), 'psi': np.float64(2.341938448772174), 'iota': np.float64(3.05212608540779), 'phi0': np.float64(1.5991749766416206)}",-7.016646491327684e-33,2.030042991333587e-30,-0.003456402904412517,0.003456402904412517,2.098170862915441e-15,0.21988780255572604,1.5186575171660612,32331223187.77556,12280.247007273038,36.17233111449658,22.001094981772315,7.366201793427567e-33,2.7640315953737895e-31,1088,1123,True,1085,32,36
"{'Mc': np.float64(4.266351099283616e+40), 'f': np.float64(1.41260796118218e-09), 'D': np.float64(5315.227188501798), 'ra': np.float64(5.749906603769662), 'dec': np.float64(-1.0018720183879555), 'psi': np.float64(0.40834597752403173), 'iota': np.float64(1.9000141872541108), 'phi0': np.float64(5.613852754464701)}",6.055132111311596e-33,2.030042991333587e-30,0.0029827605312603873,0.0029827605312603873,2.3321671951100776e-15,0.262759341174816,1.41260796118218,21455446143.434982,5315.227188501798,329.44538099040255,-57.403038265883055,-9.730022394886615e-35,1.012251673243709e-31,1104,1107,True,532,25,37
"{'Mc': np.float64(3.7055040696617866e+40), 'f': np.float64(2.9000686050025223e-09), 'D': np.float64(10298.43212020652), 'ra': np.float64(5.288884841321502), 'dec': np.float64(0.9260518993874841), 'psi': np.float64(2.7992079730519506), 'iota': np.float64(2.2026408759233003), 'phi0': np.float64(5.364586211541185)}",5.54114177084906e-33,2.030042991333587e-30,0.0027295686813060753,0.0027295686813060753,1.5372788591845586e-15,0.08436542808947771,2.9000686050025224,18634950839.900963,10298.43212020652,303.0307797384402,53.058865444976384,-2.736648389931464e-34,4.7208801776731496e-32,1105,1106,True,1854,50,38
"{'Mc': np.float64(3.9267668407360593e+40), 'f': np.float64(1.2594683752685197e-09), 'D': np.float64(3862.330239963846), 'ra': np.float64(4.013726943156441), 'dec': np.float64(-0.04058879590907262), 'psi': np.float64(0.515222359126927), 'iota': np.float64(1.0925170171163228), 'phi0': np.float64(5.6438426381536395)}",-4.7350550410984476e-33,2.030042991333587e-30,-0.002332490031646014,0.002332490031646014,2.5892464644978962e-15,0.32719469722310074,1.2594683752685196,19747679576.438465,3862.330239963846,229.96961396080934,-2.325566701107723,-1.5268912321374984e-33,1.9003971977511791e-31,1111,1100,True,1441,22,39
"{'Mc': np.float64(1.6202898043570865e+40), 'f': np.float64(2.080167369156838e-09), 'D': np.float64(2043.819267220916), 'ra': np.float64(5.64428821331964), 'dec': np.float64(-0.5662707433188486), 'psi': np.float64(2.0760495118061066), 'iota': np.float64(0.881579912504905), 'phi0': np.float64(5.44094703338126)}",-4.681042938492682e-33,2.030042991333587e-30,-0.0023058836480194865,0.0023058836480194865,1.5635686570619908e-15,0.1196296434242402,2.0801673691568383,8148424690.123998,2043.819267220916,323.3938929786514,-32.44492365390599,-1.114193944352105e-33,3.5135529635571575e-32,1096,1115,True,1872,48,40
"{'Mc': np.float64(2.066974150523285e+40), 'f': np.float64(2.3601202655406276e-09), 'D': np.float64(2420.05901494851), 'ra': np.float64(5.483783006449976), 'dec': np.float64(0.06486982028218054), 'psi': np.float64(0.5480133340766286), 'iota': np.float64(0.5099101220354045), 'phi0': np.float64(3.967359496189105)}",4.280581854790384e-33,2.030042991333587e-30,0.002108616355941487,0.002108616355941487,2.155400445775397e-15,0.145349641836599,2.3601202655406275,10394796755.914272,2420.05901494851,314.19762203514557,3.716766919941092,-6.946161558188357e-34,1.5931745632251998e-31,1117,1094,True,1566,28,41
"{'Mc': np.float64(4.0813983198046283e+40), 'f': np.float64(1.084517584405921e-08), 'D': np.float64(10634.168059467544), 'ra': np.float64(0.08294897258075584), 'dec': np.float64(0.4522854151950456), 'psi': np.float64(1.2152429603613506), 'iota': np.float64(0.5149093849333226), 'phi0': np.float64(0.09734386713353531)}",4.1747422219239756e-33,2.030042991333587e-30,0.0020564797099107152,0.0020564797099107152,4.213489747419732e-15,0.061833734243803264,10.84517584405921,20525320069.222206,10634.168059467544,4.752626043823698,25.91404542599823,-7.96874832996772e-33,2.8651176047307833e-31,1113,1098,True,647,13,42
"{'Mc': np.float64(5.224964297177126e+40), 'f': np.float64(1.1493309907226858e-09), 'D': np.float64(7845.087983834576), 'ra': np.float64(1.1121423526286285), 'dec': np.float64(0.6214744166556374), 'psi': np.float64(1.8999435531399298), 'iota': np.float64(1.3098265112031349), 'phi0': np.float64(2.59201762360165)}",3.580716609768534e-33,2.030042991333587e-30,0.0017638624526942997,0.0017638624526942997,1.9305330081415503e-15,0.267332799278819,1.1493309907226859,26276304380.640022,7845.087983834576,63.72106302337055,35.60786114972286,2.3696418417992665e-32,3.038374046085523e-31,1156,1055,True,1299,36,43
"{'Mc': np.float64(6.860419856892894e+40), 'f': np.float64(1.378326251494938e-09), 'D': np.float64(14177.56432917469), 'ra': np.float64(1.1110383145356966), 'dec': np.float64(-1.0973337581442626), 'psi': np.float64(1.0647884012124689), 'iota': np.float64(1.7289287609324644), 'phi0': np.float64(0.9808729165043528)}",-3.505529593750082e-33,2.030042991333587e-30,-0.0017268252981416962,0.0017268252981416962,1.8984113023732306e-15,0.21920901707162477,1.3783262514949381,34500997535.25522,14177.56432917469,63.657806300223875,-62.872593058895674,6.583934142801461e-34,1.1898224559871293e-31,1082,1129,True,583,37,44
"{'Mc': np.float64(2.335132119399517e+40), 'f': np.float64(1.0718911795569881e-09), 'D': np.float64(2031.6366645507085), 'ra': np.float64(4.778622991163717), 'dec': np.float64(0.5858946939230494), 'psi': np.float64(1.6690621808030974), 'iota': np.float64(2.9601222304646924), 'phi0': np.float64(2.309749812795997)}",-2.0405076430494348e-33,2.030042991333587e-30,-0.0010051548916749655,0.0010051548916749655,1.8590009520648496e-15,0.2760253991976527,1.071891179556988,11743361073.586815,2031.6366645507085,273.79492927786225,33.56929320089989,-2.030532795627328e-34,4.2424326535566577e-32,1082,1129,True,787,39,45
"{'Mc': np.float64(4.3092786403595713e+40), 'f': np.float64(2.1317161591392623e-09), 'D': np.float64(8375.174159602364), 'ra': np.float64(3.9470640455786214), 'dec': np.float64(-0.18627262986915344), 'psi': np.float64(0.9845912270895811), 'iota': np.float64(2.6102202627015587), 'phi0': np.float64(2.9460325088896115)}",1.661341350384564e-33,2.030042991333587e-30,0.0008183774222895577,0.0008183774222895577,1.9800346602070873e-15,0.14783033018452252,2.131716159139262,21671328410.081978,8375.174159602364,226.15011127948742,-10.672635530305008,1.2086267109630308e-33,8.088029025035751e-32,1140,1071,True,658,34,46
"{'Mc': np.float64(3.088206014093984e+40), 'f': np.float64(1.5697098545274779e-09), 'D': np.float64(3608.0959614965495), 'ra': np.float64(0.11314538639851557), 'dec': np.float64(0.716021072946311), 'psi': np.float64(2.9881482438804086), 'iota': np.float64(2.9472323550445907), 'phi0': np.float64(3.768328908859227)}",-1.423231502557357e-33,2.030042991333587e-30,-0.0007010844147800042,0.0007010844147800042,2.150889226567483e-15,0.21808148267908206,1.569709854527478,15530563770.607471,3608.0959614965495,6.482753112011852,41.02498552225247,4.9999182651096035e-33,1.3480538513094739e-31,1100,1111,True,271,29,47
"{'Mc': np.float64(2.7577987343352784e+40), 'f': np.float64(1.1913356621303419e-09), 'D': np.float64(3279.8854052648794), 'ra': np.float64(4.588929746982705), 'dec': np.float64(0.4976393948317377), 'psi': np.float64(2.410889322552169), 'iota': np.float64(0.5639156551076004), 'phi0': np.float64(2.5251760572208592)}",9.02894940559243e-34,2.030042991333587e-30,0.00044476641352610385,0.00044476641352610385,1.630326037298955e-15,0.2178012930659351,1.191335662130342,13868948157.806145,3279.8854052648794,262.92630698414575,28.512637043302963,-1.7635841787517176e-33,1.0923788745509684e-31,1125,1086,True,578,44,48
"{'Mc': np.float64(4.630661159124197e+40), 'f': np.float64(3.490165590857058e-09), 'D': np.float64(14553.204266218356), 'ra': np.float64(4.932741587948556), 'dec': np.float64(-0.3426206246077018), 'psi': np.float64(1.1541599706126229), 'iota': np.float64(1.5189235556944258), 'phi0': np.float64(4.480370563351096)}",5.135895141679057e-34,2.030042991333587e-30,0.00025299440275918276,0.00025299440275918276,1.784499767163838e-15,0.08137492376707495,3.490165590857058,23287558570.78154,14553.204266218356,282.62527441811204,-19.63071576415743,3.683613314922704e-35,1.3950850561402232e-31,1123,1088,True,1495,41,49
"{'Mc': np.float64(2.3818470486393217e+40), 'f': np.float64(1.0938008102707488e-09), 'D': np.float64(2398.1035579265917), 'ra': np.float64(4.827837402968183), 'dec': np.float64(-0.6131195388114414), 'psi': np.float64(1.1727234574429044), 'iota': np.float64(0.9960339185934981), 'phi0': np.float64(3.334005502643508)}",4.53631334109694e-34,2.030042991333587e-30,0.000223458978970535,0.000223458978970535,1.6498840971485042e-15,0.2400685820710766,1.0938008102707488,11978290085.539745,2398.1035579265917,276.614707365477,-35.129161910903065,-1.4299158866836818e-33,1.2349269436679703e-31,1079,1132,True,701,43,50
