binary,OS,OS_sig,SNR,abs_SNR,h_0,residual_amplitude_us,frequency_nHz,chirp_mass_Msun,distance_Mpc,ra_deg,dec_deg,mean_rho,std_rho,pos_corr,neg_corr,min_psr_separation_deg,mean_psr_separation_deg,success,index,pre_rank,final_rank
"{'Mc': np.float64(3.0828425240372123e+40), 'f': np.float64(1.568031730265906e-09), 'D': np.float64(1004.2370066967418), 'ra': np.float64(2.786242988437341), 'dec': np.float64(-0.4341940699210836), 'psi': np.float64(0.10750418735109935), 'iota': np.float64(0.8902738037151869), 'phi0': np.float64(2.5676958725838004)}",5.157076992847541e-31,2.030042991333587e-30,0.25403782160592203,0.25403782160592203,7.700022685786413e-15,0.7815509397598865,1.568031730265906,15503590821.270687,1004.2370066967418,159.63996393537747,-24.877487696086256,8.876146046794947e-32,3.7425172011926645e-30,1105,1106,17.792200170318896,115.57000238778969,True,1872,1,1
"{'Mc': np.float64(6.405899223982697e+40), 'f': np.float64(1.4368028080258834e-09), 'D': np.float64(4535.6444532008645), 'ra': np.float64(2.874668213301321), 'dec': np.float64(-0.1352806667295509), 'psi': np.float64(1.392276064701624), 'iota': np.float64(1.0326243029713251), 'phi0': np.float64(5.572223248118702)}",5.099192587412931e-31,2.030042991333587e-30,0.2511864334490346,0.2511864334490346,5.442085649722887e-15,0.6028209487374995,1.4368028080258834,32215216845.025055,4535.6444532008645,164.7063561225788,-7.75101125331912,8.171163986074964e-32,2.0115411182830977e-30,1138,1073,8.556020565735327,109.62744705591973,True,1827,5,2
"{'Mc': np.float64(4.96310732486003e+40), 'f': np.float64(2.4427546443253796e-09), 'D': np.float64(6007.01142274493), 'ra': np.float64(2.797466462496453), 'dec': np.float64(0.8274892258092618), 'psi': np.float64(0.4786779916960077), 'iota': np.float64(2.480567595646865), 'phi0': np.float64(2.3600118992062846)}",3.2789600315755197e-31,2.030042991333587e-30,0.1615217040020166,0.1615217040020166,3.825518547024655e-15,0.24924737654806361,2.4427546443253796,24959427725.13556,6007.01142274493,160.28302163043915,47.41164023141865,-3.371930953197471e-33,5.849759170553398e-31,1124,1087,9.142571464515989,118.6731816249819,True,621,8,3
"{'Mc': np.float64(7.350563659215846e+40), 'f': np.float64(1.2485973575009739e-09), 'D': np.float64(5051.5259633504975), 'ra': np.float64(5.800458612461965), 'dec': np.float64(0.7825836395376848), 'psi': np.float64(1.6932221001765384), 'iota': np.float64(2.8990717880192522), 'phi0': np.float64(4.663093523702178)}",2.5085950805282464e-31,2.030042991333587e-30,0.1235734953021998,0.1235734953021998,5.5962810465069224e-15,0.71334108320213,1.248597357500974,36965926864.4528,5051.5259633504975,332.3417977343801,44.83873966149668,3.522128716920351e-34,1.0846822744217337e-30,1109,1102,13.354594432520324,119.71315998866447,True,826,4,4
"{'Mc': np.float64(5.636545993709466e+40), 'f': np.float64(1.5439227318602046e-09), 'D': np.float64(4842.006816486952), 'ra': np.float64(3.897038040940559), 'dec': np.float64(1.3501325151311907), 'psi': np.float64(1.6442680818852187), 'iota': np.float64(1.551536763315355), 'phi0': np.float64(4.722918822961533)}",9.480995283855051e-32,2.030042991333587e-30,0.0467034211803896,0.0467034211803896,4.321018872721984e-15,0.44543130209533205,1.5439227318602047,28346145497.339493,4842.006816486952,223.28383234782456,77.35689490039998,3.4488666774993117e-32,1.125145632491589e-30,1138,1073,46.64912537750458,114.84078681191446,True,1615,7,5
"{'Mc': np.float64(6.107574381310206e+40), 'f': np.float64(1.3155612283707599e-09), 'D': np.float64(10410.906225128056), 'ra': np.float64(0.7982944862217917), 'dec': np.float64(0.5629564152169287), 'psi': np.float64(2.8948729627362093), 'iota': np.float64(3.1167311739264423), 'phi0': np.float64(5.7101738145306244)}",8.842251513496136e-32,2.030042991333587e-30,0.04355696677974014,0.04355696677974014,2.0647756840546973e-15,0.2497939658044111,1.3155612283707598,30714943556.15225,10410.906225128056,45.73890486907311,32.25502664174437,1.9084834479535463e-33,3.4524725266699204e-31,1098,1113,13.163467792301208,191.06769103789864,True,466,21,6
"{'Mc': np.float64(4.1927021334744665e+40), 'f': np.float64(1.1203811671749723e-09), 'D': np.float64(3492.2257724207197), 'ra': np.float64(0.6245230291151022), 'dec': np.float64(0.3665914681698203), 'psi': np.float64(0.4385996266174898), 'iota': np.float64(1.6814849181730316), 'phi0': np.float64(3.8942579921579648)}",8.114374937978585e-32,2.030042991333587e-30,0.03997144381975894,0.03997144381975894,2.9544115743729892e-15,0.41968681709903866,1.1203811671749724,21085066073.28482,3492.2257724207197,35.782533777021186,21.00414393163516,-1.4199618860633893e-33,6.516351013380321e-31,1115,1096,27.597921882922744,198.809144934383,True,1508,13,7
"{'Mc': np.float64(4.669773172351938e+40), 'f': np.float64(1.9138310382376254e-09), 'D': np.float64(7699.110138400397), 'ra': np.float64(2.1688166802984616), 'dec': np.float64(-0.1896509102819956), 'psi': np.float64(1.610375038942377), 'iota': np.float64(3.0198996893354595), 'phi0': np.float64(5.635196367213629)}",5.423290658496071e-32,2.030042991333587e-30,0.0267151517561378,0.0267151517561378,2.2917167189349237e-15,0.19058006516641426,1.9138310382376253,23484252577.871117,7699.110138400397,124.2640423186758,-10.866196739972578,1.3664478534638957e-32,3.489145221535664e-31,1127,1084,20.288759996870212,131.91009659307153,True,794,20,8
"{'Mc': np.float64(5.315535512997314e+40), 'f': np.float64(1.807450793483555e-09), 'D': np.float64(14138.824691786684), 'ra': np.float64(2.6986380088568884), 'dec': np.float64(-0.14767667729994943), 'psi': np.float64(2.1665665852293934), 'iota': np.float64(2.1044898378104495), 'phi0': np.float64(3.6837191011730965)}",5.020722487965503e-32,2.030042991333587e-30,0.024732099317104916,0.024732099317104916,1.4906721770383093e-15,0.13126102594912079,1.8074507934835549,26731786313.081486,14138.824691786684,154.6205683410878,-8.461250341802511,5.483167986766145e-33,1.4687632613418608e-31,1143,1068,1.9159319200638998,114.51517245532538,True,1629,29,9
"{'Mc': np.float64(5.844112910292261e+40), 'f': np.float64(1.373976126875461e-09), 'D': np.float64(12223.643621423596), 'ra': np.float64(0.14048693845679375), 'dec': np.float64(0.44043732589295387), 'psi': np.float64(2.4947561093185042), 'iota': np.float64(2.3575280323185974), 'phi0': np.float64(4.193967328621965)}",4.0227502885979173e-32,2.030042991333587e-30,0.0198160842197498,0.0198160842197498,1.681986613596416e-15,0.194833431623759,1.3739761268754611,29389997889.29308,12223.643621423596,8.04930865028842,25.23519991369427,3.24853184789017e-33,1.5615587092105097e-31,1091,1120,16.001251343144695,224.8649710387537,True,27,26,10
"{'Mc': np.float64(4.1320735242857846e+40), 'f': np.float64(1.2165197313029187e-09), 'D': np.float64(8789.23839731429), 'ra': np.float64(2.197076207914917), 'dec': np.float64(0.2526106134266385), 'psi': np.float64(1.5755916163034323), 'iota': np.float64(0.404820915951159), 'phi0': np.float64(3.260636599661276)}",3.488402878792557e-32,2.030042991333587e-30,0.01718388671414755,0.01718388671414755,1.21035942079756e-15,0.15834900148430736,1.2165197313029188,20780165274.234886,8789.23839731429,125.8831939821321,14.473522009557152,9.253096482704662e-34,1.2570125735550705e-31,1136,1075,20.880768676877576,129.652425781835,True,1222,42,11
"{'Mc': np.float64(6.944575958610037e+40), 'f': np.float64(1.5903569883486072e-09), 'D': np.float64(12740.678931301054), 'ra': np.float64(0.3200758969328176), 'dec': np.float64(1.2072289819594995), 'psi': np.float64(1.1243097496180616), 'iota': np.float64(1.24548545299121), 'phi0': np.float64(4.155083122121119)}",2.6529693190050216e-32,2.030042991333587e-30,0.01306853761388678,0.01306853761388678,2.37166215630632e-15,0.2373440418003774,1.5903569883486073,34924217909.29729,12740.678931301054,18.338998018114783,69.16912557215431,1.7834527145722186e-34,1.1077719143716762e-31,1105,1106,46.00040063146466,225.1116589383801,True,267,18,12
"{'Mc': np.float64(5.177437897991236e+40), 'f': np.float64(1.755584697781888e-09), 'D': np.float64(14326.287610206788), 'ra': np.float64(1.9930299521507644), 'dec': np.float64(0.619718172560317), 'psi': np.float64(0.5145078199161394), 'iota': np.float64(0.5466723863264151), 'phi0': np.float64(5.724462724041378)}",2.4678050788019945e-32,2.030042991333587e-30,0.012156417816456341,0.012156417816456341,1.3809515741284596e-15,0.1251920624910711,1.755584697781888,26037294492.706635,14326.287610206788,114.1922047013992,35.50723577526623,-4.5385784455296696e-34,1.595679224577358e-31,1121,1090,20.790346951902997,139.49406416597432,True,904,32,13
"{'Mc': np.float64(7.530916103908657e+40), 'f': np.float64(1.1797941738867574e-09), 'D': np.float64(7717.978961412674), 'ra': np.float64(0.35079068523871443), 'dec': np.float64(-0.4442194142578855), 'psi': np.float64(1.2689449071968104), 'iota': np.float64(0.9665528921407338), 'phi0': np.float64(3.8001044911671604)}",2.2340537021608563e-32,2.030042991333587e-30,0.011004957588081666,0.011004957588081666,3.672425691104342e-15,0.49541243279018576,1.1797941738867574,37872917891.185974,7717.978961412674,20.098825756680444,-25.451897614750386,2.161180733345274e-33,6.822873175198088e-31,1138,1073,32.783191922468724,216.49492887005633,True,556,9,14
"{'Mc': np.float64(5.214933490590863e+40), 'f': np.float64(1.1754081993949718e-09), 'D': np.float64(11578.987728860171), 'ra': np.float64(5.373019901051749), 'dec': np.float64(1.149433606953727), 'psi': np.float64(0.054900297563759824), 'iota': np.float64(2.2179872034036334), 'phi0': np.float64(4.062596421085775)}",1.3330572019065677e-32,2.030042991333587e-30,0.006566645177454338,0.006566645177454338,1.3234552677412174e-15,0.17920110471446796,1.1754081993949719,26225859533.163,11578.987728860171,307.8513635700644,65.85769450894767,1.1925437520493891e-33,8.089827061390268e-32,1115,1096,33.513735336171045,117.85341716812673,True,1619,38,15
"{'Mc': np.float64(4.25839056083817e+40), 'f': np.float64(2.9287847468815173e-09), 'D': np.float64(7169.837271650357), 'ra': np.float64(5.72049283767697), 'dec': np.float64(0.8810401065595513), 'psi': np.float64(2.4440083376669097), 'iota': np.float64(2.3072442038447534), 'phi0': np.float64(2.337938904282394)}",1.1800063121541481e-32,2.030042991333587e-30,0.005812715874450382,0.005812715874450382,2.802405099934798e-15,0.1522872668179064,2.9287847468815174,21415412658.165173,7169.837271650357,327.76009633370626,50.479879687618606,9.35499576812601e-34,2.046228344852754e-31,1106,1105,18.842061694512495,119.52781200052989,True,135,15,16
"{'Mc': np.float64(3.8207791002051095e+40), 'f': np.float64(1.5310627719290317e-09), 'D': np.float64(9339.22520999245), 'ra': np.float64(0.9242535205050586), 'dec': np.float64(0.44445511716651853), 'psi': np.float64(1.7775458504975135), 'iota': np.float64(2.2387266074014516), 'phi0': np.float64(2.295199215538967)}",1.1204993144242036e-32,2.030042991333587e-30,0.005519584162540908,0.005519584162540908,1.165316221645586e-15,0.1211353579620983,1.5310627719290317,19214668062.405315,9339.22520999245,52.95582592504795,25.465402396634016,-8.524058074911628e-35,6.814264108911742e-32,1120,1091,10.116270633086689,183.7849372025421,True,1156,44,17
"{'Mc': np.float64(6.285982899025612e+40), 'f': np.float64(1.1129064018756063e-09), 'D': np.float64(15134.561663685268), 'ra': np.float64(3.787827588471464), 'dec': np.float64(-0.4954754814973747), 'psi': np.float64(0.045914834465951807), 'iota': np.float64(2.2880409059186784), 'phi0': np.float64(3.200511418271894)}",1.0408438293829345e-32,2.030042991333587e-30,0.005127200920504534,0.005127200920504534,1.3328992755979494e-15,0.19061576786466503,1.1129064018756063,31612158589.395927,15134.561663685268,217.02653434263132,-28.38865394201188,1.9404296813559487e-34,5.710982559067585e-32,1149,1062,8.613390414096163,93.51280429588219,True,1167,37,18
"{'Mc': np.float64(4.270246432327418e+40), 'f': np.float64(1.2385812528540238e-09), 'D': np.float64(9704.033142841661), 'ra': np.float64(3.0937413605964337), 'dec': np.float64(1.2030881984542792), 'psi': np.float64(2.0296724932274874), 'iota': np.float64(1.1838784533016928), 'phi0': np.float64(1.1066799883301088)}",8.55758796119757e-33,2.030042991333587e-30,0.004215471296780702,0.004215471296780702,1.1719930993575444e-15,0.1505985130991869,1.2385812528540239,21475035742.69372,9704.033142841661,177.2583228672366,68.93187615342781,2.1867122196380376e-33,8.755839503064431e-32,1133,1078,11.022362843408601,121.39152023961273,True,768,43,19
"{'Mc': np.float64(3.908405526383699e+40), 'f': np.float64(1.1652754403147586e-09), 'D': np.float64(9624.710591544881), 'ra': np.float64(1.6488744839801077), 'dec': np.float64(1.2365338688516598), 'psi': np.float64(3.055672376932854), 'iota': np.float64(2.397212316990577), 'phi0': np.float64(6.159326984994312)}",8.425180482291903e-33,2.030042991333587e-30,0.0041502473190270645,0.0041502473190270645,9.788966461814744e-16,0.13369906772752102,1.1652754403147587,19655340670.886154,9624.710591544881,94.47354887887164,70.84817191018335,3.507358541574184e-33,7.484981138867966e-32,1130,1081,19.891431390687135,164.50898295274362,True,1160,50,20
"{'Mc': np.float64(4.777156263432471e+40), 'f': np.float64(2.052231759249237e-09), 'D': np.float64(11145.548913832257), 'ra': np.float64(2.0585228389486026), 'dec': np.float64(0.9249457600475997), 'psi': np.float64(0.3255076491597361), 'iota': np.float64(3.0179181188728483), 'phi0': np.float64(1.3361144881656828)}",7.95174365573193e-33,2.030042991333587e-30,0.003917032146451355,0.003917032146451355,1.7225479228906235e-15,0.13358725953106393,2.0522317592492367,24024281298.850227,11145.548913832257,117.9446707030434,52.99548832924762,4.415672972903157e-33,2.0679824211511213e-31,1129,1082,13.628294918027525,142.2410933670472,True,1430,25,21
"{'Mc': np.float64(4.1059889503993936e+40), 'f': np.float64(1.172950968686989e-09), 'D': np.float64(5184.97956189754), 'ra': np.float64(0.5821524359437724), 'dec': np.float64(-1.184091833569346), 'psi': np.float64(1.4862311038638527), 'iota': np.float64(2.887749676523919), 'phi0': np.float64(2.7719944541537513)}",6.45823014627881e-33,2.030042991333587e-30,0.0031813267865998416,0.0031813267865998416,1.9814140759043774e-15,0.26885339021890153,1.172950968686989,20648986157.193188,5184.97956189754,33.354877612838166,-67.84346461943062,1.2815268491246635e-33,1.0480476635749103e-31,1092,1119,41.43951722894076,217.85523950010955,True,642,23,22
"{'Mc': np.float64(2.748149585698905e+40), 'f': np.float64(1.5785574388696167e-09), 'D': np.float64(3850.9567212785255), 'ra': np.float64(4.005442120849613), 'dec': np.float64(-0.24057786093941907), 'psi': np.float64(2.7625172950168073), 'iota': np.float64(0.3032406338687956), 'phi0': np.float64(5.855364395846245)}",5.938402574881735e-33,2.030042991333587e-30,0.0029252595143222297,0.0029252595143222297,1.6653735474352947e-15,0.16790800615947976,1.5785574388696166,13820422665.159168,3850.9567212785255,229.4949286086123,-13.784096076113935,-4.940891171449985e-34,8.432271852121961e-32,1173,1038,16.629638737252836,85.58227724060762,True,702,28,23
"{'Mc': np.float64(2.968085825336708e+40), 'f': np.float64(1.0897501075757863e-09), 'D': np.float64(5323.142612400484), 'ra': np.float64(1.6849161265967343), 'dec': np.float64(0.05404812819491486), 'psi': np.float64(2.2939901265791143), 'iota': np.float64(1.1508632646385646), 'phi0': np.float64(3.7647954750713097)}",5.5770555748885795e-33,2.030042991333587e-30,0.00274725983572637,0.00274725983572637,1.0699168576519628e-15,0.15625835263412938,1.0897501075757863,14926480285.529617,5323.142612400484,96.53858288752319,3.0967296361506502,8.838026198053584e-34,6.489286038117696e-32,1113,1098,5.97944110047458,148.17143705196338,True,1061,48,24
"{'Mc': np.float64(3.5461621875566133e+40), 'f': np.float64(2.1989285124008964e-09), 'D': np.float64(10703.348905705794), 'ra': np.float64(1.8158717423265527), 'dec': np.float64(0.9007206866180175), 'psi': np.float64(2.9955544941473917), 'iota': np.float64(0.37485136905627586), 'phi0': np.float64(4.048901148991136)}",5.0372998258056606e-33,2.030042991333587e-30,0.0024813759350468386,0.0024813759350468386,1.143031350370437e-15,0.08273078842469105,2.1989285124008964,17833621767.271385,10703.348905705794,104.0417869723788,51.60749386333805,2.0448355008468896e-33,9.461085826153115e-32,1104,1107,2.57140410480202,150.0872988442538,True,297,45,25
"{'Mc': np.float64(2.2986142247334534e+40), 'f': np.float64(1.1770018514055473e-09), 'D': np.float64(3578.4372982769137), 'ra': np.float64(3.7305838956932655), 'dec': np.float64(-0.3209549976662767), 'psi': np.float64(2.210405975066911), 'iota': np.float64(0.3776864067279817), 'phi0': np.float64(2.9490092631097573)}",4.738946482521665e-33,2.030042991333587e-30,0.0023344069572677033,0.0023344069572677033,1.0942274249096828e-15,0.14796213220321106,1.1770018514055474,11559712868.353325,3578.4372982769137,213.74671234269704,-18.389366779908844,2.149385149866387e-33,6.310306356861407e-32,1091,1120,18.243508656661785,91.62803737600832,True,1551,47,26
"{'Mc': np.float64(4.960257384735947e+40), 'f': np.float64(1.072090214164022e-09), 'D': np.float64(10771.917922136501), 'ra': np.float64(1.1489226378563628), 'dec': np.float64(-0.5376441435256404), 'psi': np.float64(1.4366593718499943), 'iota': np.float64(1.0943547797588544), 'phi0': np.float64(2.326469506141857)}",3.486040389848105e-33,2.030042991333587e-30,0.0017172249084035586,0.0017172249084035586,1.2308570936966426e-15,0.18272435296342893,1.0720902141640218,24945095398.652973,10771.917922136501,65.82841813620709,-30.804740303945078,1.786487303049593e-33,9.197290040533319e-32,1069,1142,16.813808897552267,178.0505712999053,True,1813,41,27
"{'Mc': np.float64(6.179755899137873e+40), 'f': np.float64(1.08067200067222e-09), 'D': np.float64(14402.889078238246), 'ra': np.float64(5.034925701039326), 'dec': np.float64(-0.9502828019654839), 'psi': np.float64(0.742650429175009), 'iota': np.float64(1.9860125320258153), 'phi0': np.float64(0.8665184549006546)}",1.2661538976459347e-33,2.030042991333587e-30,0.0006237079229608659,0.0006237079229608659,1.3349692991990175e-15,0.19660633634561114,1.0806720006722201,31077943841.938137,14402.889078238246,288.4799928315006,-54.447193896488436,2.689754541687247e-33,5.266933703621074e-32,1094,1117,16.74164693925407,107.37164004108826,True,1442,35,28
"{'Mc': np.float64(5.687055245605656e+40), 'f': np.float64(4.417630444088898e-09), 'D': np.float64(14387.331517537743), 'ra': np.float64(2.6355122980344174), 'dec': np.float64(-0.06335249412422417), 'psi': np.float64(2.108538361824272), 'iota': np.float64(0.17392898168258106), 'phi0': np.float64(1.671836717994029)}",9.744245007690751e-34,2.030042991333587e-30,0.0004800019038655683,0.0004800019038655683,2.9748461427331507e-15,0.1071754359143744,4.417630444088898,28600156128.10682,14387.331517537743,151.0037315321969,-3.629830534945391,-1.1410791803608426e-32,3.6247908747410107e-31,1142,1069,6.342828118756278,115.87114123380347,True,1944,12,29
"{'Mc': np.float64(5.139376607853599e+40), 'f': np.float64(1.6945019082752553e-09), 'D': np.float64(7593.2124107223035), 'ra': np.float64(0.2144185228566842), 'dec': np.float64(-0.9014618421517863), 'psi': np.float64(0.5229069071039537), 'iota': np.float64(0.5968769128108484), 'phi0': np.float64(0.20575512950104258)}",1.9833509772505794e-34,2.030042991333587e-30,9.769994949455063e-05,9.769994949455063e-05,2.513579689163419e-15,0.23608626843798391,1.6945019082752553,25845884563.778175,7593.2124107223035,12.28527640911738,-51.64995894738577,7.782713880875778e-33,3.1063155260102285e-31,1099,1112,56.703706976979014,230.33851048653796,True,88,16,30
"{'Mc': np.float64(1.4696741263299478e+40), 'f': np.float64(2.6841839958623627e-08), 'D': np.float64(10150.259276559447), 'ra': np.float64(3.363860461628485), 'dec': np.float64(-0.9785118373455494), 'psi': np.float64(0.19798249629389694), 'iota': np.float64(3.0039915856670425), 'phi0': np.float64(5.518997569266208)}",-4.534364787558313e-34,2.030042991333587e-30,-0.00022336299314427687,0.00022336299314427687,1.4721053575838305e-15,0.008728643221652777,26.841839958623627,7390979629.212147,10150.259276559447,192.735007322241,-56.06459848349167,-3.2184769858153153e-35,3.1183640839774545e-33,1091,1120,38.50905710681781,114.67622667051016,True,1514,30,31
"{'Mc': np.float64(3.471483931294308e+40), 'f': np.float64(1.977350157858685e-09), 'D': np.float64(8423.038730496748), 'ra': np.float64(6.057536325941605), 'dec': np.float64(0.652692445294642), 'psi': np.float64(0.9334985155702755), 'iota': np.float64(0.5745514920124652), 'phi0': np.float64(5.0520291819193615)}",-9.312267494989885e-34,2.030042991333587e-30,-0.0004587226740884152,0.0004587226740884152,1.3060253796473317e-15,0.10512068090127172,1.977350157858685,17458065403.52285,8423.038730496748,347.071265723637,37.396522435456355,1.776642319651229e-33,5.924280794977623e-32,1079,1132,7.437905138942782,127.75141138609509,True,407,39,32
"{'Mc': np.float64(3.341647791240473e+40), 'f': np.float64(1.5534355253972225e-09), 'D': np.float64(6484.389011909431), 'ra': np.float64(4.261616435567228), 'dec': np.float64(0.5680960757627723), 'psi': np.float64(2.871341121593091), 'iota': np.float64(2.42058168214703), 'phi0': np.float64(4.622828194597309)}",-1.043207278185747e-33,2.030042991333587e-30,-0.0005138843278882668,0.0005138843278882668,1.355502459043643e-15,0.13887600302873887,1.5534355253972225,16805120475.745035,6484.389011909431,244.1726356615877,32.54950749915111,-1.514021069098691e-33,1.025206103520318e-31,1116,1095,6.1151200095999565,87.19414299188232,True,1628,33,33
"{'Mc': np.float64(2.700676706551779e+40), 'f': np.float64(1.5290964283660278e-09), 'D': np.float64(5705.129133269378), 'ra': np.float64(4.744923572716777), 'dec': np.float64(-0.19854835346602984), 'psi': np.float64(2.5018686069603953), 'iota': np.float64(2.0051991053586034), 'phi0': np.float64(0.5007269155207933)}",-1.619046471755783e-33,2.030042991333587e-30,-0.0007975429479413095,0.0007975429479413095,1.0690176148717361e-15,0.11126795832029614,1.5290964283660278,13581681929.080042,5705.129133269378,271.8640948288073,-11.375982682875179,3.5204609123751347e-34,3.0987278311680393e-32,1111,1100,5.7452384143631186,80.12076906136205,True,958,49,34
"{'Mc': np.float64(5.142414253295787e+40), 'f': np.float64(1.6264184359641816e-09), 'D': np.float64(13945.29529544352), 'ra': np.float64(5.234990784694417), 'dec': np.float64(0.8707232948466029), 'psi': np.float64(2.9380829057667976), 'iota': np.float64(0.9565585173904646), 'phi0': np.float64(1.7526790608093015)}",-2.2168727284947905e-33,2.030042991333587e-30,-0.0010920324042194153,0.0010920324042194153,1.3330455887401775e-15,0.1304466243885577,1.6264184359641816,25861160858.83009,13945.29529544352,299.9428777528691,49.88876991843553,6.4111517911791586e-34,4.715263018725623e-32,1109,1102,15.954495974190284,104.13906482564187,True,184,36,35
"{'Mc': np.float64(6.20791632734228e+40), 'f': np.float64(1.1696832434852966e-09), 'D': np.float64(15093.490824360893), 'ra': np.float64(0.5539410984262889), 'dec': np.float64(-0.6174726099448662), 'psi': np.float64(1.6833046353122019), 'iota': np.float64(0.809693670516604), 'phi0': np.float64(5.352966922582313)}",-2.432869555690818e-33,2.030042991333587e-30,-0.0011984325288069905,0.0011984325288069905,1.3531262992892886e-15,0.18411543497694025,1.1696832434852966,31219562414.02827,15093.490824360893,31.738487038667284,-35.37857451476854,-1.7660322481845237e-34,9.677288785740944e-32,1115,1096,39.40963506093728,208.3587009757284,True,489,34,36
"{'Mc': np.float64(3.416335125222277e+40), 'f': np.float64(3.821956161322089e-09), 'D': np.float64(12923.007325283961), 'ra': np.float64(5.595277122264401), 'dec': np.float64(0.15022143177355513), 'psi': np.float64(0.10667072974842935), 'iota': np.float64(2.5145605441769288), 'phi0': np.float64(0.5662597724289605)}",-4.306082763112866e-33,2.030042991333587e-30,-0.0021211781137127988,0.0021211781137127988,1.2860773236065846e-15,0.053555183421983135,3.8219561613220887,17180722491.27358,12923.007325283961,320.58576431185486,8.607054033037153,-3.3622577642548706e-34,3.2619155461079757e-32,1107,1104,12.98955363783575,101.07327238431556,True,1964,40,37
"{'Mc': np.float64(5.232638427051782e+40), 'f': np.float64(1.788193843044162e-09), 'D': np.float64(6602.827484700819), 'ra': np.float64(5.541557085106967), 'dec': np.float64(-1.1799155198599436), 'psi': np.float64(0.36139982847896474), 'iota': np.float64(0.9790762790254273), 'phi0': np.float64(0.8432630997316576)}",-4.312955055535558e-33,2.030042991333587e-30,-0.0021245634077445164,0.0021245634077445164,3.087358651912092e-15,0.2747847457705427,1.788193843044162,26314897519.458588,6602.827484700819,317.50783290744795,-67.60417946995923,1.756259380086382e-32,4.845364792121201e-31,1104,1107,33.825113916175894,129.856243247406,True,1952,11,38
"{'Mc': np.float64(1.8180851331031332e+40), 'f': np.float64(1.5527313271373566e-09), 'D': np.float64(2861.6576719222617), 'ra': np.float64(3.3847324808941104), 'dec': np.float64(0.1867693923642348), 'psi': np.float64(2.8020219290571453), 'iota': np.float64(0.8986138313397833), 'phi0': np.float64(3.0969628697495564)}",-4.663970769504076e-33,2.030042991333587e-30,-0.0022974738906589333,0.0022974738906589333,1.1133788906781537e-15,0.11412132343094268,1.5527313271373566,9143135843.654333,2861.6576719222617,193.93088593607706,10.701097924693558,-1.4033467249053957e-33,8.323239939630786e-32,1116,1095,10.734090565846747,96.6092988839923,True,532,46,39
"{'Mc': np.float64(2.433691040601995e+40), 'f': np.float64(1.1392876350974214e-09), 'D': np.float64(1834.7981940787456), 'ra': np.float64(4.725283899821907), 'dec': np.float64(-0.4544008037182215), 'psi': np.float64(1.9094542632495701), 'iota': np.float64(3.0588670766349026), 'phi0': np.float64(2.3403072877006936)}",-5.1665113810296596e-33,2.030042991333587e-30,-0.002545025599500061,0.002545025599500061,2.2967608894215576e-15,0.32085036069080236,1.1392876350974215,12239013113.609936,1834.7981940787456,270.73882446091375,-26.035248260406618,4.855081910403883e-33,3.2486336145971724e-31,1084,1127,2.8590906007495924,84.93583059616674,True,536,19,40
"{'Mc': np.float64(4.621992739068786e+40), 'f': np.float64(1.2257408122839297e-09), 'D': np.float64(4440.801563600873), 'ra': np.float64(6.174740548872516), 'dec': np.float64(-0.28946925427526776), 'psi': np.float64(3.001967030911834), 'iota': np.float64(2.9725620117271), 'phi0': np.float64(5.8882212404598375)}",-5.902335217927404e-33,2.030042991333587e-30,-0.002907492719673887,0.002907492719673887,2.9019677962791294e-15,0.37680275866047636,1.2257408122839297,23243965154.45939,4440.801563600873,353.78657303868863,-16.585366568772105,5.821083897235057e-33,3.4310193250857495e-31,1107,1104,27.377463581282406,131.5578136160822,True,1617,14,41
"{'Mc': np.float64(4.632051835523623e+40), 'f': np.float64(1.2475278005111855e-09), 'D': np.float64(5383.762552363205), 'ra': np.float64(3.6102003911467144), 'dec': np.float64(-0.215585014379421), 'psi': np.float64(0.5076553951184064), 'iota': np.float64(1.72518587666058), 'phi0': np.float64(6.281760505792512)}",-6.890524811473328e-33,2.030042991333587e-30,-0.003394275313818239,0.003394275313818239,2.4307634766999888e-15,0.3101077367939391,1.2475278005111854,23294552271.463097,5383.762552363205,206.84924560918572,-12.352111450207989,8.965858967110756e-33,3.4218195201475912e-31,1075,1136,15.786196591063462,92.81333612479034,True,774,17,42
"{'Mc': np.float64(1.8581387323130442e+40), 'f': np.float64(1.1906876436293484e-09), 'D': np.float64(1647.4267056111505), 'ra': np.float64(3.7334795227936897), 'dec': np.float64(0.21217044048437955), 'psi': np.float64(2.9238303637599214), 'iota': np.float64(1.728980344848008), 'phi0': np.float64(2.5743349213698923)}",-8.421383213083384e-33,2.030042991333587e-30,-0.00414837678267649,0.00414837678267649,1.6802043946151796e-15,0.22458688996941908,1.1906876436293483,9344565079.24708,1647.4267056111505,213.91261955459504,12.156470777186566,2.9080696746623884e-34,1.2394592408449869e-31,1136,1075,11.75235644941495,89.50137618116426,True,1226,27,43
"{'Mc': np.float64(7.818203690363445e+40), 'f': np.float64(1.5806513680828059e-09), 'D': np.float64(6014.700123238925), 'ra': np.float64(5.23073168828266), 'dec': np.float64(-0.24392226203171766), 'psi': np.float64(1.5041521367006518), 'iota': np.float64(2.8459113467015933), 'phi0': np.float64(5.437803324588208)}",-1.5112900679164402e-32,2.030042991333587e-30,-0.00744462099752693,0.00744462099752693,6.095759301844467e-15,0.6137787524668902,1.5806513680828058,39317684905.29626,6014.700123238925,299.6988495039361,-13.975716143701586,9.949853334010383e-33,1.8954748495029357e-30,1125,1086,3.0475720632345964,90.89324142791732,True,1228,3,44
"{'Mc': np.float64(7.73786712640042e+40), 'f': np.float64(1.0738580837363816e-09), 'D': np.float64(15043.080762902073), 'ra': np.float64(3.8637857733628453), 'dec': np.float64(0.1744019123291369), 'psi': np.float64(2.1166307737581445), 'iota': np.float64(0.26492736259501265), 'phi0': np.float64(3.811137094641348)}",-1.888097604221284e-32,2.030042991333587e-30,-0.009300776447995047,0.009300776447995047,1.851410317901104e-15,0.2743948276294147,1.0738580837363816,38913672956.59688,15043.080762902073,221.37861775638186,9.99249351547014,1.5357870239106917e-33,1.198690885655991e-31,1140,1071,9.276248780076982,86.87843247991151,True,969,24,45
"{'Mc': np.float64(5.04399251696404e+40), 'f': np.float64(1.3169485381359018e-09), 'D': np.float64(2031.7358068312294), 'ra': np.float64(2.5833854537990937), 'dec': np.float64(-0.001368208224194446), 'psi': np.float64(2.931889671054005), 'iota': np.float64(1.6427579933482108), 'phi0': np.float64(4.707021949341031)}",-2.5902967439085766e-32,2.030042991333587e-30,-0.012759812255044632,0.012759812255044632,7.696774884524642e-15,0.930165251917564,1.3169485381359018,25366198720.443558,2031.7358068312294,148.017083358177,-0.07839255674143089,5.031832894976048e-32,3.3927650704753e-30,1112,1099,10.899388218227367,117.20830706487406,True,688,2,46
"{'Mc': np.float64(2.6154557132859935e+40), 'f': np.float64(4.9550867202662235e-09), 'D': np.float64(6144.506108230052), 'ra': np.float64(2.1277701152471895), 'dec': np.float64(0.35000296513944973), 'psi': np.float64(0.539575416418253), 'iota': np.float64(2.247688238140114), 'phi0': np.float64(0.9901449488931607)}",-2.790328637394812e-32,2.030042991333587e-30,-0.013745170172784241,0.013745170172784241,2.0604665596897043e-15,0.06618117029292865,4.955086720266223,13153106223.810234,6144.506108230052,121.91224737772873,20.05369271955495,2.2798897859868862e-33,2.3655387963950624e-31,1077,1134,21.00350430481699,132.42724907411588,True,226,22,47
"{'Mc': np.float64(3.423045311841751e+40), 'f': np.float64(1.9603511595365083e-09), 'D': np.float64(7424.612910341953), 'ra': np.float64(0.8989136325234053), 'dec': np.float64(-0.8800557702465011), 'psi': np.float64(1.4093729154317396), 'iota': np.float64(1.2703740412666074), 'phi0': np.float64(2.0307862986298013)}",-2.963249354424888e-32,2.030042991333587e-30,-0.014596978325460261,0.014596978325460261,1.4390501856653639e-15,0.11683210392779993,1.9603511595365084,17214467967.038734,7424.612910341953,51.50395729036494,-50.423481371259356,-8.937996854513784e-34,7.753225089580751e-32,1101,1110,18.09277554785849,196.05597268763452,True,1973,31,48
"{'Mc': np.float64(4.447601063207737e+40), 'f': np.float64(2.0321412995612415e-09), 'D': np.float64(5304.633880251262), 'ra': np.float64(2.3570634396204846), 'dec': np.float64(-0.15687632153173603), 'psi': np.float64(2.459559267336471), 'iota': np.float64(1.4953841827755547), 'phi0': np.float64(3.091967377457921)}",-1.933737742229752e-31,2.030042991333587e-30,-0.0952559995273514,0.0952559995273514,3.1917557957961373e-15,0.24997460174292008,2.0321412995612413,22366950787.32763,5304.633880251262,135.04978713484272,-8.988351129305757,-5.482984684034621e-33,7.18408677431768e-31,1104,1107,12.717514605808638,125.24972010774081,True,472,10,49
"{'Mc': np.float64(8.6042703965465365e+40), 'f': np.float64(2.3108384890454898e-09), 'D': np.float64(11883.10473511568), 'ra': np.float64(2.1346153827416945), 'dec': np.float64(-0.7739245374610837), 'psi': np.float64(2.446856190423742), 'iota': np.float64(2.0306335950376564), 'phi0': np.float64(3.417725844804262)}",-3.740890097940369e-31,2.030042991333587e-30,-0.18427639778618102,0.18427639778618102,4.662433459486624e-15,0.3211169172713805,2.31083848904549,43270808191.95933,11883.10473511568,122.30445231480196,-44.34260965813447,3.0548672140393826e-33,1.379449210371492e-30,1097,1114,30.798895588401688,142.88154910787816,True,728,6,50
